{
"data": [
{
"lName": 0,
"lData": "@switchfoot http:/,witpic.com/2y1zl - Awww, that's a bummer.  You shoulda got David Carr of Third Day to do it. ;D"
},
{
"lName": 0,
"lData": "is upset that he can't update his Facebook by texting it... and might cry as a result  School today also. Blah!"
},
{
"lName": 0,
"lData": "my whole body feels itchy and like its on fire "
},
{
"lName": 4,
"lData": "is now followinq @DAChesterFrench , you shud do tha same"
},
{
"lName": 4,
"lData": "Just added tweetie to my new iPhone "
},
{
"lName": 4,
"lData": "crazy day of school. there for 10 hours straiiight. about to watch the hills. @spencerpratt told me too! ha. happy birthday JB! "
},
{
"lName": 4,
"lData": "@ProductOfFear You can tell him that I just burst out laughing really loud because of that  Thanks for making me come out of my sulk!"
},
{
"lName": 0,
"lData": "spring break in plain city... it's snowing "
},
{
"lName": 0,
"lData": "Hollis' death scene will hurt me severely to watch on film  wry is directors cut not out now?"
},
{
"lName": 0,
"lData": "about to file taxes "
},

{
"lName": 0,
"lData": "Need a hug "
},
{
"lName": 4,
"lData": "@LutheranLucciol Make sure you DM me if you post a link to that video! &lt;LOL&gt;So I don't miss it   Better get permission and blessing first?"
},
{
"lName": 4,
"lData": "Going to bed so goodnight everyone  and sweet dreams  http://twitpic.com/2y2e0"
},
{
"lName": 4,
"lData": "@nileyjileyluver Haha, don't worry! You'll get the hang of it! "
}
],
"userId": 3,
"projectId": 33
}